{
  "[10, 19]": {
    "0.001": {
      "elf10_wbo": 1.1251723766326904,
      "frag": "[CH3:11][c:8]1[cH:5][c:9]([c:6]2[cH:3][cH:1][cH:2][cH:4][c:7]2[c:10]1[O:19][P:21](=[O:17])([O-:14])[O-:15])[O:18][P:20](=[O:16])([O-:12])[O-:13]",
      "wbo_dist": [
        1.1351066827774048,
        1.1251723766326904
      ]
    },
    "0.005": {
      "elf10_wbo": 1.1251723766326904,
      "frag": "[CH3:11][c:8]1[cH:5][c:9]([c:6]2[cH:3][cH:1][cH:2][cH:4][c:7]2[c:10]1[O:19][P:21](=[O:17])([O-:14])[O-:15])[O:18][P:20](=[O:16])([O-:12])[O-:13]",
      "wbo_dist": [
        1.1351066827774048,
        1.1251723766326904
      ]
    },
    "0.01": {
      "elf10_wbo": 1.1251723766326904,
      "frag": "[CH3:11][c:8]1[cH:5][c:9]([c:6]2[cH:3][cH:1][cH:2][cH:4][c:7]2[c:10]1[O:19][P:21](=[O:17])([O-:14])[O-:15])[O:18][P:20](=[O:16])([O-:12])[O-:13]",
      "wbo_dist": [
        1.1351066827774048,
        1.1251723766326904
      ]
    },
    "0.03": {
      "elf10_wbo": 1.1251723766326904,
      "frag": "[CH3:11][c:8]1[cH:5][c:9]([c:6]2[cH:3][cH:1][cH:2][cH:4][c:7]2[c:10]1[O:19][P:21](=[O:17])([O-:14])[O-:15])[O:18][P:20](=[O:16])([O-:12])[O-:13]",
      "wbo_dist": [
        1.1351066827774048,
        1.1251723766326904
      ]
    },
    "0.05": {
      "elf10_wbo": 1.1251723766326904,
      "frag": "[CH3:11][c:8]1[cH:5][c:9]([c:6]2[cH:3][cH:1][cH:2][cH:4][c:7]2[c:10]1[O:19][P:21](=[O:17])([O-:14])[O-:15])[O:18][P:20](=[O:16])([O-:12])[O-:13]",
      "wbo_dist": [
        1.1351066827774048,
        1.1251723766326904
      ]
    },
    "0.07": {
      "elf10_wbo": 1.1251723766326904,
      "frag": "[CH3:11][c:8]1[cH:5][c:9]([c:6]2[cH:3][cH:1][cH:2][cH:4][c:7]2[c:10]1[O:19][P:21](=[O:17])([O-:14])[O-:15])[O:18][P:20](=[O:16])([O-:12])[O-:13]",
      "wbo_dist": [
        1.1351066827774048,
        1.1251723766326904
      ]
    },
    "0.1": {
      "elf10_wbo": 1.1251723766326904,
      "frag": "[CH3:11][c:8]1[cH:5][c:9]([c:6]2[cH:3][cH:1][cH:2][cH:4][c:7]2[c:10]1[O:19][P:21](=[O:17])([O-:14])[O-:15])[O:18][P:20](=[O:16])([O-:12])[O-:13]",
      "wbo_dist": [
        1.1351066827774048,
        1.1251723766326904
      ]
    },
    "parent": {
      "elf10_wbo": 1.1251723766326904,
      "frag": "[H:22][c:1]1[c:2]([c:4]([c:7]2[c:6]([c:3]1[H:24])[c:9]([c:5]([c:8]([c:10]2[O:19][P:21](=[O:17])([O-:14])[O-:15])[C:11]([H:27])([H:28])[H:29])[H:26])[O:18][P:20](=[O:16])([O-:12])[O-:13])[H:25])[H:23]",
      "wbo_dist": [
        1.1351066827774048,
        1.1251723766326904
      ]
    }
  },
  "[18, 20]": {
    "0.001": {
      "elf10_wbo": 0.3177756071090698,
      "frag": "[CH3:11][c:8]1[cH:5][c:9]([c:6]2[cH:3][cH:1][cH:2][cH:4][c:7]2[c:10]1[O:19][P:21](=[O:17])([O-:14])[O-:15])[O:18][P:20](=[O:16])([O-:12])[O-:13]",
      "wbo_dist": [
        0.32087528705596924,
        0.3177756071090698
      ]
    },
    "0.005": {
      "elf10_wbo": 0.3177756071090698,
      "frag": "[CH3:11][c:8]1[cH:5][c:9]([c:6]2[cH:3][cH:1][cH:2][cH:4][c:7]2[c:10]1[O:19][P:21](=[O:17])([O-:14])[O-:15])[O:18][P:20](=[O:16])([O-:12])[O-:13]",
      "wbo_dist": [
        0.32087528705596924,
        0.3177756071090698
      ]
    },
    "0.01": {
      "elf10_wbo": 0.3177756071090698,
      "frag": "[CH3:11][c:8]1[cH:5][c:9]([c:6]2[cH:3][cH:1][cH:2][cH:4][c:7]2[c:10]1[O:19][P:21](=[O:17])([O-:14])[O-:15])[O:18][P:20](=[O:16])([O-:12])[O-:13]",
      "wbo_dist": [
        0.32087528705596924,
        0.3177756071090698
      ]
    },
    "0.03": {
      "elf10_wbo": 0.3177756071090698,
      "frag": "[CH3:11][c:8]1[cH:5][c:9]([c:6]2[cH:3][cH:1][cH:2][cH:4][c:7]2[c:10]1[O:19][P:21](=[O:17])([O-:14])[O-:15])[O:18][P:20](=[O:16])([O-:12])[O-:13]",
      "wbo_dist": [
        0.32087528705596924,
        0.3177756071090698
      ]
    },
    "0.05": {
      "elf10_wbo": 0.3177756071090698,
      "frag": "[CH3:11][c:8]1[cH:5][c:9]([c:6]2[cH:3][cH:1][cH:2][cH:4][c:7]2[c:10]1[O:19][P:21](=[O:17])([O-:14])[O-:15])[O:18][P:20](=[O:16])([O-:12])[O-:13]",
      "wbo_dist": [
        0.32087528705596924,
        0.3177756071090698
      ]
    },
    "0.07": {
      "elf10_wbo": 0.3177756071090698,
      "frag": "[CH3:11][c:8]1[cH:5][c:9]([c:6]2[cH:3][cH:1][cH:2][cH:4][c:7]2[c:10]1[O:19][P:21](=[O:17])([O-:14])[O-:15])[O:18][P:20](=[O:16])([O-:12])[O-:13]",
      "wbo_dist": [
        0.32087528705596924,
        0.3177756071090698
      ]
    },
    "0.1": {
      "elf10_wbo": 0.3177756071090698,
      "frag": "[CH3:11][c:8]1[cH:5][c:9]([c:6]2[cH:3][cH:1][cH:2][cH:4][c:7]2[c:10]1[O:19][P:21](=[O:17])([O-:14])[O-:15])[O:18][P:20](=[O:16])([O-:12])[O-:13]",
      "wbo_dist": [
        0.32087528705596924,
        0.3177756071090698
      ]
    },
    "parent": {
      "elf10_wbo": 0.3177756071090698,
      "frag": "[H:22][c:1]1[c:2]([c:4]([c:7]2[c:6]([c:3]1[H:24])[c:9]([c:5]([c:8]([c:10]2[O:19][P:21](=[O:17])([O-:14])[O-:15])[C:11]([H:27])([H:28])[H:29])[H:26])[O:18][P:20](=[O:16])([O-:12])[O-:13])[H:25])[H:23]",
      "wbo_dist": [
        0.32087528705596924,
        0.3177756071090698
      ]
    }
  },
  "[19, 21]": {
    "0.001": {
      "elf10_wbo": 0.34593895077705383,
      "frag": "[CH3:11][c:8]1[cH:5][c:9]([c:6]2[cH:3][cH:1][cH:2][cH:4][c:7]2[c:10]1[O:19][P:21](=[O:17])([O-:14])[O-:15])[O:18][P:20](=[O:16])([O-:12])[O-:13]",
      "wbo_dist": [
        0.33250659704208374,
        0.34593895077705383
      ]
    },
    "0.005": {
      "elf10_wbo": 0.34593895077705383,
      "frag": "[CH3:11][c:8]1[cH:5][c:9]([c:6]2[cH:3][cH:1][cH:2][cH:4][c:7]2[c:10]1[O:19][P:21](=[O:17])([O-:14])[O-:15])[O:18][P:20](=[O:16])([O-:12])[O-:13]",
      "wbo_dist": [
        0.33250659704208374,
        0.34593895077705383
      ]
    },
    "0.01": {
      "elf10_wbo": 0.34593895077705383,
      "frag": "[CH3:11][c:8]1[cH:5][c:9]([c:6]2[cH:3][cH:1][cH:2][cH:4][c:7]2[c:10]1[O:19][P:21](=[O:17])([O-:14])[O-:15])[O:18][P:20](=[O:16])([O-:12])[O-:13]",
      "wbo_dist": [
        0.33250659704208374,
        0.34593895077705383
      ]
    },
    "0.03": {
      "elf10_wbo": 0.34593895077705383,
      "frag": "[CH3:11][c:8]1[cH:5][c:9]([c:6]2[cH:3][cH:1][cH:2][cH:4][c:7]2[c:10]1[O:19][P:21](=[O:17])([O-:14])[O-:15])[O:18][P:20](=[O:16])([O-:12])[O-:13]",
      "wbo_dist": [
        0.33250659704208374,
        0.34593895077705383
      ]
    },
    "0.05": {
      "elf10_wbo": 0.34593895077705383,
      "frag": "[CH3:11][c:8]1[cH:5][c:9]([c:6]2[cH:3][cH:1][cH:2][cH:4][c:7]2[c:10]1[O:19][P:21](=[O:17])([O-:14])[O-:15])[O:18][P:20](=[O:16])([O-:12])[O-:13]",
      "wbo_dist": [
        0.33250659704208374,
        0.34593895077705383
      ]
    },
    "0.07": {
      "elf10_wbo": 0.34593895077705383,
      "frag": "[CH3:11][c:8]1[cH:5][c:9]([c:6]2[cH:3][cH:1][cH:2][cH:4][c:7]2[c:10]1[O:19][P:21](=[O:17])([O-:14])[O-:15])[O:18][P:20](=[O:16])([O-:12])[O-:13]",
      "wbo_dist": [
        0.33250659704208374,
        0.34593895077705383
      ]
    },
    "0.1": {
      "elf10_wbo": 0.34593895077705383,
      "frag": "[CH3:11][c:8]1[cH:5][c:9]([c:6]2[cH:3][cH:1][cH:2][cH:4][c:7]2[c:10]1[O:19][P:21](=[O:17])([O-:14])[O-:15])[O:18][P:20](=[O:16])([O-:12])[O-:13]",
      "wbo_dist": [
        0.33250659704208374,
        0.34593895077705383
      ]
    },
    "parent": {
      "elf10_wbo": 0.34593895077705383,
      "frag": "[H:22][c:1]1[c:2]([c:4]([c:7]2[c:6]([c:3]1[H:24])[c:9]([c:5]([c:8]([c:10]2[O:19][P:21](=[O:17])([O-:14])[O-:15])[C:11]([H:27])([H:28])[H:29])[H:26])[O:18][P:20](=[O:16])([O-:12])[O-:13])[H:25])[H:23]",
      "wbo_dist": [
        0.33250659704208374,
        0.34593895077705383
      ]
    }
  },
  "[9, 18]": {
    "0.001": {
      "elf10_wbo": 1.1803326606750488,
      "frag": "[H:26][c:5]1[c:8]([c:10]([c:7]2[cH:4][cH:2][cH:1][cH:3][c:6]2[c:9]1[O:18][P:20](=[O:16])([O-:12])[O-:13])[O:19][P:21](=[O:17])([O-:14])[O-:15])[CH3:11]",
      "wbo_dist": [
        1.1755834817886353,
        1.1803326606750488
      ]
    },
    "0.005": {
      "elf10_wbo": 1.1803326606750488,