{
  "[4, 7]": {
    "0.001": {
      "elf10_wbo": 0.9513391256332397,
      "frag": "[H:19][c:1]1[cH:2][c:5]([cH:3][c:6]([c:4]1[C:7](=[O:16])[O:17][CH2:13][CH2:12][NH3+:15])[Cl:18])[NH2:14]",
      "wbo_dist": [
        0.9522557854652405,
        0.9508744478225708,
        0.9493358135223389,
        0.9513391256332397
      ]
    },
    "0.005": {
      "elf10_wbo": 0.9513391256332397,
      "frag": "[H:19][c:1]1[cH:2][c:5]([cH:3][c:6]([c:4]1[C:7](=[O:16])[O:17][CH2:13][CH2:12][NH3+:15])[Cl:18])[NH2:14]",
      "wbo_dist": [
        0.9522557854652405,
        0.9508744478225708,
        0.9493358135223389,
        0.9513391256332397
      ]
    },
    "0.01": {
      "elf10_wbo": 0.9513391256332397,
      "frag": "[H:19][c:1]1[cH:2][c:5]([cH:3][c:6]([c:4]1[C:7](=[O:16])[O:17][CH2:13][CH2:12][NH3+:15])[Cl:18])[NH2:14]",
      "wbo_dist": [
        0.9522557854652405,
        0.9508744478225708,
        0.9493358135223389,
        0.9513391256332397
      ]
    },
    "0.03": {
      "elf10_wbo": 0.9289330244064331,
      "frag": "[H:19][c:1]1[cH:2][cH:5][cH:3][c:6]([c:4]1[C:7](=[O:16])[O:17][CH3:13])[Cl:18]",
      "wbo_dist": [
        0.9289330244064331,
        0.9263639450073242
      ]
    },
    "0.05": {
      "elf10_wbo": 0.9289330244064331,
      "frag": "[H:19][c:1]1[cH:2][cH:5][cH:3][c:6]([c:4]1[C:7](=[O:16])[O:17][CH3:13])[Cl:18]",
      "wbo_dist": [
        0.9289330244064331,
        0.9263639450073242
      ]
    },
    "0.07": {
      "elf10_wbo": 0.9289330244064331,
      "frag": "[H:19][c:1]1[cH:2][cH:5][cH:3][c:6]([c:4]1[C:7](=[O:16])[O:17][CH3:13])[Cl:18]",
      "wbo_dist": [
        0.9289330244064331,
        0.9263639450073242
      ]
    },
    "0.1": {
      "elf10_wbo": 0.9289330244064331,
      "frag": "[H:19][c:1]1[cH:2][cH:5][cH:3][c:6]([c:4]1[C:7](=[O:16])[O:17][CH3:13])[Cl:18]",
      "wbo_dist": [
        0.9289330244064331,
        0.9263639450073242
      ]
    },
    "parent": {
      "elf10_wbo": 0.9517731666564941,
      "frag": "[H:19][c:1]1[c:2]([c:5]([c:3]([c:6]([c:4]1[C:7](=[O:16])[O:17][C:13]([H:34])([H:35])[C:12]([H:32])([H:33])[N+:15]([H:38])([C:10]([H:28])([H:29])[C:8]([H:22])([H:23])[H:24])[C:11]([H:30])([H:31])[C:9]([H:25])([H:26])[H:27])[Cl:18])[H:21])[N:14]([H:36])[H:37])[H:20]",
      "wbo_dist": [
        0.9459617733955383,
        0.9488875269889832,
        0.9525210857391357,
        0.9483466744422913,
        0.9484825134277344,
        0.9517731666564941,
        0.9457187652587891,
        0.9521631598472595,
        0.953556478023529,
        0.9531073570251465,
        0.9539548754692078,
        0.9462839365005493,
        0.9568599462509155,
        0.9585223197937012,
        0.9572478532791138,
        0.9589859247207642,
        0.9597029685974121,
        0.9538689851760864,
        0.9448413252830505,
        0.9435482621192932,
        0.9387165307998657,
        0.9523794054985046,
        0.9504770636558533,
        0.9470039010047913,
        0.9452831745147705,
        0.9475895166397095,
        0.9388255476951599,
        0.9580767750740051
      ]
    }
  },
  "[7, 17]": {
    "0.001": {
      "elf10_wbo": 0.9373335242271423,
      "frag": "[H:34][C:13]([H:35])([CH2:12][N@H+:15]([CH3:11])[CH2:10][CH3:8])[O:17][C:7](=[O:16])[c:4]1[cH:1][cH:2][c:5]([cH:3][c:6]1[Cl:18])[NH2:14]",
      "wbo_dist": [
        0.938613772392273,
        0.9395471215248108,
        0.9262292981147766,
        0.9272924065589905,
        0.9355495572090149,
        0.9373335242271423,
        0.9561507701873779,
        0.9459018707275391,
        0.9565609097480774,
        0.9129671454429626,
        0.9345012903213501,
        0.9261690378189087,
        0.9342113137245178,
        0.926483154296875,
        0.973247230052948,
        0.9861286282539368,
        0.9702637791633606,
        0.9346331357955933,
        0.972404956817627,
        0.9403361082077026,
        0.9430230855941772,
        0.923721194267273,
        0.9509943723678589,
        0.9324968457221985,
        0.9348118305206299,
        0.9424577355384827,
        0.9412166476249695,
        0.9246888756752014,
        0.8684817552566528,
        0.9328022003173828,
        0.9364210963249207,
        0.9184090495109558,
        0.9321895837783813
      ]
    },
    "0.005": {
      "elf10_wbo": 0.9328897595405579,
      "frag": "[H:34][C:13]([H:35])([CH2:12][NH2+:15][CH3:10])[O:17][C:7](=[O:16])[c:4]1[cH:1][cH:2][cH:5][cH:3][c:6]1[Cl:18]",
      "wbo_dist": [
        0.9291069507598877,
        0.9266440868377686,
        0.9404528737068176,
        0.9488593339920044,
        0.948872447013855,
        1.0090947151184082,
        0.9328897595405579,
        0.9615979790687561,
        0.9360799789428711,
        0.9601662158966064,
        0.8898326754570007,
        0.8941569924354553
      ]
    },
    "0.01": {
      "elf10_wbo": 0.9328897595405579,
      "frag": "[H:34][C:13]([H:35])([CH2:12][NH2+:15][CH3:10])[O:17][C:7](=[O:16])[c:4]1[cH:1][cH:2][cH:5][cH:3][c:6]1[Cl:18]",
      "wbo_dist": [
        0.9291069507598877,
        0.9266440868377686,
        0.9404528737068176,
        0.9488593339920044,
        0.948872447013855,
        1.0090947151184082,
        0.9328897595405579,
        0.9615979790687561,
        0.9360799789428711,
        0.9601662158966064,
        0.8898326754570007,
        0.8941569924354553
      ]
    },
    "0.03": {
      "elf10_wbo": 0.9213486909866333,
      "frag": "[H:34][C:13]([H:35])([CH2:12][NH3+:15])[O:17][C:7](=[O:16])[c:4]1[cH:1][cH:2][cH:5][cH:3][c:6]1[Cl:18]",
      "wbo_dist": [
        0.9148851633071899,
        0.9213486909866333,
        0.9368883967399597,
        0.9475617408752441,
        0.9912523031234741
      ]
    },
    "0.05": {
      "elf10_wbo": 0.9213486909866333,
      "frag": "[H:34][C:13]([H:35])([CH2:12][NH3+:15])[O:17][C:7](=[O:16])[c:4]1[cH:1][cH:2][cH:5][cH:3][c:6]1[Cl:18]",
      "wbo_dist": [
        0.9148851633071899,
        0.9213486909866333,
        0.9368883967399597,
        0.9475617408752441,
        0.9912523031234741
      ]
    },
    "0.07": {
      "elf10_wbo": 0.9213486909866333,
      "frag": "[H:34][C:13]([H:35])([CH2:12][NH3+:15])[O:17][C:7](=[O:16])[c:4]1[cH:1][cH:2][cH:5][cH:3][c:6]1[Cl:18]",
      "wbo_dist": [
        0.9148851633071899,
        0.9213486909866333,
        0.9368883967399597,
        0.9475617408752441,
        0.9912523031234741
      ]
    },
    "0.1": {
      "elf10_wbo": 1.0295569896697998,
      "frag": "[H:34][C:13]([H:35])([CH3:12])[O:17][C:7](=[O:16])[c:4]1[cH:1][cH:2][cH:5][cH:3][c:6]1[Cl:18]",
      "wbo_dist": [
        1.0295569896697998,
        1.0272889137268066,
        1.0224117040634155
      ]
    },
    "parent": {
      "elf10_wbo": 0.9371097087860107,
      "frag": "[H:19][c:1]1[c:2]([c:5]([c:3]([c:6]([c:4]1[C:7](=[O:16])[O:17][C:13]([H:34])([H:35])[C:12]([H:32])([H:33])[N+:15]([H:38])([C:10]([H:28])([H:29])[C:8]([H:22])([H:23])[H:24])[C:11]([H:30])([H:31])[C:9]([H:25])([H:26])[H:27])[Cl:18])[H:21])[N:14]([H:36])[H:37])[H:20]",
      "wbo_dist": [
        0.9400041103363037,
        0.9247217178344727,
        0.9333595633506775,
        0.9230543971061707,
        0.9349585771560669,
        0.9371097087860107,
        0.9500957727432251,
        0.9516732096672058,
        0.9467386603355408,
        0.9457755088806152,
        0.9473084807395935,
        0.9362221360206604,
        0.9450330138206482,
        0.9606067538261414,
        0.9450006484985352,
        0.9726585149765015,
        0.9992124438285828,
        0.9531438946723938,
        0.9367859363555908,
        0.9356681108474731,
        0.8867892026901245,
        0.9542381763458252,
        0.9587746262550354,
        0.9439815282821655,
        0.9284219145774841,
        0.9139846563339233,
        0.9399898052215576,
        0.8862700462341309
      ]
    }
  },
  "provenance": {
    "fragmenter_version": "0.0.6+1.g074be34",
    "openeye_version": "2019.Apr.2"
  }
}