{
  "[H:5][C:1]([H:6])([C:2]([H:7])([H:8])[O:4][H:10])[O:3][H:9]": {
    "2_0_1_3": {
      "[-105]": -230.0740136407606,
      "[-120]": -230.0731133307045,
      "[-135]": -230.07413547985647,
      "[-150]": -230.07631987681518,
      "[-15]": -230.06466918629366,
      "[-165]": -230.0782823999589,
      "[-30]": -230.06877818345757,
      "[-45]": -230.0733192774651,
      "[-60]": -230.0764665442831,
      "[-75]": -230.07728873191877,
      "[-90]": -230.07599383586847,
      "[0]": -230.06300433708557,
      "[105]": -230.07401401964069,
      "[120]": -230.07311325476988,
      "[135]": -230.07413693801774,
      "[150]": -230.07631947645598,
      "[15]": -230.06466928082244,
      "[165]": -230.0782818001963,
      "[180]": -230.07903606825076,
      "[30]": -230.0687782189332,
      "[45]": -230.07332116483437,
      "[60]": -230.07646685053135,
      "[75]": -230.0772880388674,
      "[90]": -230.07599298821145
    }
  }
}