{
  "[10, 14]": {
    "0.001": {
      "elf10_wbo": 0.9463054537773132,
      "frag": "[H:30][N:14]([c:9]1[n:13][cH:5][c:8]([s:21]1)[N+:15](=[O:19])[O-:16])[C:10](=[O:17])[c:6]2[cH:3][cH:1][cH:2][cH:4][c:7]2[O:20][C:11](=[O:18])[CH3:12]",
      "wbo_dist": [
        0.9581937193870544,
        0.957499086856842,
        0.9535221457481384,
        0.9589303135871887,
        0.9463054537773132,
        0.9661136865615845,
        0.9665988087654114,
        0.9645213484764099,
        0.9638425707817078,
        1.03770112991333,
        1.036977767944336,
        0.9668763875961304,
        1.032456636428833,
        1.0351734161376953,
        0.9409722089767456
      ]
    },
    "0.005": {
      "elf10_wbo": 0.9463054537773132,
      "frag": "[H:30][N:14]([c:9]1[n:13][cH:5][c:8]([s:21]1)[N+:15](=[O:19])[O-:16])[C:10](=[O:17])[c:6]2[cH:3][cH:1][cH:2][cH:4][c:7]2[O:20][C:11](=[O:18])[CH3:12]",
      "wbo_dist": [
        0.9581937193870544,
        0.957499086856842,
        0.9535221457481384,
        0.9589303135871887,
        0.9463054537773132,
        0.9661136865615845,
        0.9665988087654114,
        0.9645213484764099,
        0.9638425707817078,
        1.03770112991333,
        1.036977767944336,
        0.9668763875961304,
        1.032456636428833,
        1.0351734161376953,
        0.9409722089767456
      ]
    },
    "0.01": {
      "elf10_wbo": 0.9463054537773132,
      "frag": "[H:30][N:14]([c:9]1[n:13][cH:5][c:8]([s:21]1)[N+:15](=[O:19])[O-:16])[C:10](=[O:17])[c:6]2[cH:3][cH:1][cH:2][cH:4][c:7]2[O:20][C:11](=[O:18])[CH3:12]",
      "wbo_dist": [
        0.9581937193870544,
        0.957499086856842,
        0.9535221457481384,
        0.9589303135871887,
        0.9463054537773132,
        0.9661136865615845,
        0.9665988087654114,
        0.9645213484764099,
        0.9638425707817078,
        1.03770112991333,
        1.036977767944336,
        0.9668763875961304,
        1.032456636428833,
        1.0351734161376953,
        0.9409722089767456
      ]
    },
    "0.03": {
      "elf10_wbo": 0.9463054537773132,
      "frag": "[H:30][N:14]([c:9]1[n:13][cH:5][c:8]([s:21]1)[N+:15](=[O:19])[O-:16])[C:10](=[O:17])[c:6]2[cH:3][cH:1][cH:2][cH:4][c:7]2[O:20][C:11](=[O:18])[CH3:12]",
      "wbo_dist": [
        0.9581937193870544,
        0.957499086856842,
        0.9535221457481384,
        0.9589303135871887,
        0.9463054537773132,
        0.9661136865615845,
        0.9665988087654114,
        0.9645213484764099,
        0.9638425707817078,
        1.03770112991333,
        1.036977767944336,
        0.9668763875961304,
        1.032456636428833,
        1.0351734161376953,
        0.9409722089767456
      ]
    },
    "0.05": {
      "elf10_wbo": 0.9833270311355591,
      "frag": "[H:30][N:14]([c:9]1[n:13][cH:5][cH:8][s:21]1)[C:10](=[O:17])[c:6]2[cH:3][cH:1][cH:2][cH:4][c:7]2[O:20][C:11](=[O:18])[CH3:12]",
      "wbo_dist": [
        0.994259774684906,
        0.993469774723053,
        0.9874398708343506,
        0.9974910616874695,
        0.998146653175354,
        0.9833270311355591,
        1.007975697517395,
        1.0065749883651733,
        1.0031189918518066,
        1.0054014921188354,
        1.0547651052474976,
        1.0581051111221313,
        1.0547581911087036,
        0.9809619784355164,
        1.0490895509719849,
        1.0151654481887817
      ]
    },
    "0.07": {
      "elf10_wbo": 0.9833270311355591,
      "frag": "[H:30][N:14]([c:9]1[n:13][cH:5][cH:8][s:21]1)[C:10](=[O:17])[c:6]2[cH:3][cH:1][cH:2][cH:4][c:7]2[O:20][C:11](=[O:18])[CH3:12]",
      "wbo_dist": [
        0.994259774684906,
        0.993469774723053,
        0.9874398708343506,
        0.9974910616874695,
        0.998146653175354,
        0.9833270311355591,
        1.007975697517395,
        1.0065749883651733,
        1.0031189918518066,
        1.0054014921188354,
        1.0547651052474976,
        1.0581051111221313,
        1.0547581911087036,
        0.9809619784355164,
        1.0490895509719849,
        1.0151654481887817
      ]
    },
    "0.1": {
      "elf10_wbo": 0.9833270311355591,
      "frag": "[H:30][N:14]([c:9]1[n:13][cH:5][cH:8][s:21]1)[C:10](=[O:17])[c:6]2[cH:3][cH:1][cH:2][cH:4][c:7]2[O:20][C:11](=[O:18])[CH3:12]",
      "wbo_dist": [
        0.994259774684906,
        0.993469774723053,
        0.9874398708343506,
        0.9974910616874695,
        0.998146653175354,
        0.9833270311355591,
        1.007975697517395,
        1.0065749883651733,
        1.0031189918518066,
        1.0054014921188354,
        1.0547651052474976,
        1.0581051111221313,
        1.0547581911087036,
        0.9809619784355164,
        1.0490895509719849,
        1.0151654481887817
      ]
    },
    "parent": {
      "elf10_wbo": 0.9463054537773132,
      "frag": "[H:22][c:1]1[c:2]([c:4]([c:7]([c:6]([c:3]1[H:24])[C:10](=[O:17])[N:14]([H:30])[c:9]2[n:13][c:5]([c:8]([s:21]2)[N+:15](=[O:19])[O-:16])[H:26])[O:20][C:11](=[O:18])[C:12]([H:27])([H:28])[H:29])[H:25])[H:23]",
      "wbo_dist": [
        0.9581937193870544,
        0.957499086856842,
        0.9535221457481384,
        0.9589303135871887,
        0.9463054537773132,
        0.9661136865615845,
        0.9665988087654114,
        0.9645213484764099,
        0.9638425707817078,
        1.03770112991333,
        1.036977767944336,
        0.9668763875961304,
        1.032456636428833,
        1.0351734161376953,
        0.9409722089767456
      ]
    }
  },
  "[14, 9]": {
    "0.001": {
      "elf10_wbo": 1.0948548316955566,
      "frag": "[H:30][N:14]([c:9]1[n:13][cH:5][c:8]([s:21]1)[N+:15](=[O:19])[O-:16])[C:10](=[O:17])[c:6]2[cH:3][cH:1][cH:2][cH:4][c:7]2[O:20][C:11](=[O:18])[CH3:12]",
      "wbo_dist": [
        1.0968996286392212,
        1.0925785303115845,
        1.0913283824920654,
        1.10072660446167,
        1.0948548316955566,
        1.1014766693115234,
        1.1009291410446167,
        1.1015269756317139,
        1.101812720298767,
        1.0694530010223389,
        1.0715914964675903,
        1.095079779624939,
        1.0686848163604736,
        1.074964165687561,
        1.0953878164291382
      ]
    },
    "0.005": {
      "elf10_wbo": 1.0948548316955566,
      "frag": "[H:30][N:14]([c:9]1[n:13][cH:5][c:8]([s:21]1)[N+:15](=[O:19])[O-:16])[C:10](=[O:17])[c:6]2[cH:3][cH:1][cH:2][cH:4][c:7]2[O:20][C:11](=[O:18])[CH3:12]",
      "wbo_dist": [
        1.0968996286392212,
        1.0925785303115845,
        1.0913283824920654,
        1.10072660446167,
        1.0948548316955566,
        1.1014766693115234,
        1.1009291410446167,
        1.1015269756317139,
        1.101812720298767,
        1.0694530010223389,
        1.0715914964675903,
        1.095079779624939,
        1.0686848163604736,
        1.074964165687561,
        1.0953878164291382
      ]
    },
    "0.01": {
      "elf10_wbo": 1.0948548316955566,
      "frag": "[H:30][N:14]([c:9]1[n:13][cH:5][c:8]([s:21]1)[N+:15](=[O:19])[O-:16])[C:10](=[O:17])[c:6]2[cH:3][cH:1][cH:2][cH:4][c:7]2[O:20][C:11](=[O:18])[CH3:12]",
      "wbo_dist": [
        1.0968996286392212,
        1.0925785303115845,
        1.0913283824920654,
        1.10072660446167,
        1.0948548316955566,
        1.1014766693115234,
        1.1009291410446167,
        1.1015269756317139,
        1.101812720298767,
        1.0694530010223389,
        1.0715914964675903,
        1.095079779624939,
        1.0686848163604736,
        1.074964165687561,
        1.0953878164291382
      ]
    },
    "0.03": {
      "elf10_wbo": 1.0948548316955566,
      "frag": "[H:30][N:14]([c:9]1[n:13][cH:5][c:8]([s:21]1)[N+:15](=[O:19])[O-:16])[C:10](=[O:17])[c:6]2[cH:3][cH:1][cH:2][cH:4][c:7]2[O:20][C:11](=[O:18])[CH3:12]",