{
  "[20, 7]": {
    "0.001": {
      "elf10_wbo": 0.9440911412239075,
      "frag": "[H:27][c:3]1[c:7]([c:4]([c:12]([c:6]([c:11]1[I:23])[O-:17])[I:24])[H:28])[O:20][c:8]2[c:9]([cH:1][c:5]([cH:2][c:10]2[I:22])[CH2:14][C@H:15]([C:13](=[O:19])[O-:18])[NH3+:16])[I:21]",
      "wbo_dist": [
        0.9151322245597839,
        0.9195755124092102,
        0.9145751595497131,
        0.914090096950531,
        0.910388171672821,
        0.914963960647583,
        0.9452402591705322,
        0.947941780090332,
        0.9440911412239075,
        0.9450075030326843,
        0.937358021736145
      ]
    },
    "0.005": {
      "elf10_wbo": 0.9440911412239075,
      "frag": "[H:27][c:3]1[c:7]([c:4]([c:12]([c:6]([c:11]1[I:23])[O-:17])[I:24])[H:28])[O:20][c:8]2[c:9]([cH:1][c:5]([cH:2][c:10]2[I:22])[CH2:14][C@H:15]([C:13](=[O:19])[O-:18])[NH3+:16])[I:21]",
      "wbo_dist": [
        0.9151322245597839,
        0.9195755124092102,
        0.9145751595497131,
        0.914090096950531,
        0.910388171672821,
        0.914963960647583,
        0.9452402591705322,
        0.947941780090332,
        0.9440911412239075,
        0.9450075030326843,
        0.937358021736145
      ]
    },
    "0.01": {
      "elf10_wbo": 0.9440911412239075,
      "frag": "[H:27][c:3]1[c:7]([c:4]([c:12]([c:6]([c:11]1[I:23])[O-:17])[I:24])[H:28])[O:20][c:8]2[c:9]([cH:1][c:5]([cH:2][c:10]2[I:22])[CH2:14][C@H:15]([C:13](=[O:19])[O-:18])[NH3+:16])[I:21]",
      "wbo_dist": [
        0.9151322245597839,
        0.9195755124092102,
        0.9145751595497131,
        0.914090096950531,
        0.910388171672821,
        0.914963960647583,
        0.9452402591705322,
        0.947941780090332,
        0.9440911412239075,
        0.9450075030326843,
        0.937358021736145
      ]
    },
    "0.03": {
      "elf10_wbo": 0.9184104204177856,
      "frag": "[H:27][c:3]1[c:7]([c:4]([c:12]([c:6]([c:11]1[I:23])[O-:17])[I:24])[H:28])[O:20][c:8]2[c:9]([cH:1][cH:5][cH:2][c:10]2[I:22])[I:21]",
      "wbo_dist": [
        0.9184104204177856
      ]
    },
    "0.05": {
      "elf10_wbo": 0.9866179823875427,
      "frag": "[H:27][c:3]1[cH:11][cH:6][cH:12][c:4]([c:7]1[O:20][c:8]2[c:9]([cH:1][cH:5][cH:2][c:10]2[I:22])[I:21])[H:28]",
      "wbo_dist": [
        0.9866179823875427
      ]
    },
    "0.07": {
      "elf10_wbo": 0.9866179823875427,
      "frag": "[H:27][c:3]1[cH:11][cH:6][cH:12][c:4]([c:7]1[O:20][c:8]2[c:9]([cH:1][cH:5][cH:2][c:10]2[I:22])[I:21])[H:28]",
      "wbo_dist": [
        0.9866179823875427
      ]
    },
    "0.1": {
      "elf10_wbo": 0.9866179823875427,
      "frag": "[H:27][c:3]1[cH:11][cH:6][cH:12][c:4]([c:7]1[O:20][c:8]2[c:9]([cH:1][cH:5][cH:2][c:10]2[I:22])[I:21])[H:28]",
      "wbo_dist": [
        0.9866179823875427
      ]
    },
    "parent": {
      "elf10_wbo": 0.9440911412239075,
      "frag": "[H:25][c:1]1[c:5]([c:2]([c:10]([c:8]([c:9]1[I:21])[O:20][c:7]2[c:3]([c:11]([c:6]([c:12]([c:4]2[H:28])[I:24])[O-:17])[I:23])[H:27])[I:22])[H:26])[C:14]([H:29])([H:30])[C@:15]([H:31])([C:13](=[O:19])[O-:18])[N+:16]([H:32])([H:33])[H:34]",
      "wbo_dist": [
        0.9151322245597839,
        0.9195755124092102,
        0.9145751595497131,
        0.914090096950531,
        0.910388171672821,
        0.914963960647583,
        0.9452402591705322,
        0.947941780090332,
        0.9440911412239075,
        0.9450075030326843,
        0.937358021736145
      ]
    }
  },
  "[8, 20]": {
    "0.001": {
      "elf10_wbo": 1.0545753240585327,
      "frag": "[cH:1]1[c:5]([cH:2][c:10]([c:8]([c:9]1[I:21])[O:20][c:7]2[cH:3][c:11]([c:6]([c:12]([cH:4]2)[I:24])[O-:17])[I:23])[I:22])[CH2:14][C@H:15]([C:13](=[O:19])[O-:18])[NH3+:16]",
      "wbo_dist": [
        1.0421684980392456,
        1.040834665298462,
        1.0449934005737305,
        1.0443164110183716,
        1.0470203161239624,
        1.0438976287841797,
        1.0502406358718872,
        1.0475800037384033,
        1.0545753240585327,
        1.0475339889526367,
        1.02958345413208
      ]
    },
    "0.005": {
      "elf10_wbo": 1.0545753240585327,
      "frag": "[cH:1]1[c:5]([cH:2][c:10]([c:8]([c:9]1[I:21])[O:20][c:7]2[cH:3][c:11]([c:6]([c:12]([cH:4]2)[I:24])[O-:17])[I:23])[I:22])[CH2:14][C@H:15]([C:13](=[O:19])[O-:18])[NH3+:16]",
      "wbo_dist": [
        1.0421684980392456,
        1.040834665298462,
        1.0449934005737305,
        1.0443164110183716,
        1.0470203161239624,
        1.0438976287841797,
        1.0502406358718872,
        1.0475800037384033,
        1.0545753240585327,
        1.0475339889526367,
        1.02958345413208
      ]
    },
    "0.01": {
      "elf10_wbo": 1.0545753240585327,
      "frag": "[cH:1]1[c:5]([cH:2][c:10]([c:8]([c:9]1[I:21])[O:20][c:7]2[cH:3][c:11]([c:6]([c:12]([cH:4]2)[I:24])[O-:17])[I:23])[I:22])[CH2:14][C@H:15]([C:13](=[O:19])[O-:18])[NH3+:16]",
      "wbo_dist": [
        1.0421684980392456,
        1.040834665298462,
        1.0449934005737305,
        1.0443164110183716,
        1.0470203161239624,
        1.0438976287841797,
        1.0502406358718872,
        1.0475800037384033,
        1.0545753240585327,
        1.0475339889526367,
        1.02958345413208
      ]
    },
    "0.03": {
      "elf10_wbo": 1.0391099452972412,
      "frag": "[CH3:14][c:5]1[cH:1][c:9]([c:8]([c:10]([cH:2]1)[I:22])[O:20][c:7]2[cH:3][c:11]([c:6]([c:12]([cH:4]2)[I:24])[O-:17])[I:23])[I:21]",
      "wbo_dist": [
        1.0391099452972412
      ]
    },
    "0.05": {
      "elf10_wbo": 1.0073437690734863,
      "frag": "[cH:6]1[cH:11][cH:3][c:7]([cH:4][cH:12]1)[O:20][c:8]2[c:9]([cH:1][cH:5][cH:2][c:10]2[I:22])[I:21]",
      "wbo_dist": [
        1.0073437690734863
      ]
    },
    "0.07": {
      "elf10_wbo": 1.0073437690734863,
      "frag": "[cH:6]1[cH:11][cH:3][c:7]([cH:4][cH:12]1)[O:20][c:8]2[c:9]([cH:1][cH:5][cH:2][c:10]2[I:22])[I:21]",
      "wbo_dist": [
        1.0073437690734863
      ]
    },
    "0.1": {
      "elf10_wbo": 1.0073437690734863,
      "frag": "[cH:6]1[cH:11][cH:3][c:7]([cH:4][cH:12]1)[O:20][c:8]2[c:9]([cH:1][cH:5][cH:2][c:10]2[I:22])[I:21]",
      "wbo_dist": [
        1.0073437690734863
      ]
    },
    "parent": {
      "elf10_wbo": 1.0545753240585327,
      "frag": "[H:25][c:1]1[c:5]([c:2]([c:10]([c:8]([c:9]1[I:21])[O:20][c:7]2[c:3]([c:11]([c:6]([c:12]([c:4]2[H:28])[I:24])[O-:17])[I:23])[H:27])[I:22])[H:26])[C:14]([H:29])([H:30])[C@:15]([H:31])([C:13](=[O:19])[O-:18])[N+:16]([H:32])([H:33])[H:34]",
      "wbo_dist": [
        1.0421684980392456,
        1.040834665298462,
        1.0449934005737305,
        1.0443164110183716,
        1.0470203161239624,
        1.0438976287841797,
        1.0502406358718872,
        1.0475800037384033,
        1.0545753240585327,
        1.0475339889526367,
        1.02958345413208
      ]
    }
  },
  "provenance": {
    "fragmenter_version": "0.0.6+1.g074be34",
    "openeye_version": "2019.Apr.2"
  }
}