{
  "[H:5][C:1]([H:6])([C:2]([H:7])([H:8])[O:4][H:10])[O:3][H:9]": {
    "2_0_1_3_mult": {
      "[-105]": -230.0760812606688,
      "[-120]": -230.07404757474436,
      "[-135]": -230.07434057738396,
      "[-150]": -230.07661501713912,
      "[-15]": -230.07764559893138,
      "[-165]": -230.07882409506274,
      "[-30]": -230.07959776699997,
      "[-45]": -230.0826626983642,
      "[-60]": -230.08409722037683,
      "[-75]": -230.08265091544405,
      "[-90]": -230.07941861099732,
      "[0]": -230.0767578072291,
      "[105]": -230.07608250175986,
      "[120]": -230.07404752563525,
      "[135]": -230.07434109705105,
      "[150]": -230.076615065541,
      "[15]": -230.07727801479393,
      "[165]": -230.07882402476045,
      "[180]": -230.0797136019955,
      "[30]": -230.08043861291324,
      "[45]": -230.0834645890695,
      "[60]": -230.08409618688398,
      "[75]": -230.08265094262208,
      "[90]": -230.07941857095523
    }
  }
}