{
  "[10, 13]": {
    "0.001": {
      "elf10_wbo": 0.858411967754364,
      "frag": "[H:21][C:9]([H:22])([c:6]1[cH:4][cH:2][cH:1][cH:3][cH:5]1)[C:10]([H:23])([H:24])[N:13]([H:29])/[C:7](=[NH+:15]/[C:8](=[NH2+:14])[NH2:12])/[NH2:11]",
      "wbo_dist": [
        0.8702070116996765,
        0.8784034252166748,
        0.8786455988883972,
        0.8594159483909607,
        0.8881164193153381,
        0.8729224801063538,
        0.8840070962905884,
        0.8870019912719727,
        0.8757145404815674,
        0.8767560720443726,
        0.8878465294837952,
        0.8703382611274719,
        0.8657616376876831,
        0.8811497688293457,
        0.8805555701255798,
        0.8822535276412964,
        0.8873119354248047,
        0.8805232048034668,
        0.8666345477104187,
        0.8781226873397827,
        0.8882810473442078,
        0.8783622980117798,
        0.858411967754364,
        0.8688258528709412,
        0.8783736824989319,
        0.8855290412902832,
        0.8743403553962708
      ]
    },
    "0.005": {
      "elf10_wbo": 0.858411967754364,
      "frag": "[H:21][C:9]([H:22])([c:6]1[cH:4][cH:2][cH:1][cH:3][cH:5]1)[C:10]([H:23])([H:24])[N:13]([H:29])/[C:7](=[NH+:15]/[C:8](=[NH2+:14])[NH2:12])/[NH2:11]",
      "wbo_dist": [
        0.8702070116996765,
        0.8784034252166748,
        0.8786455988883972,
        0.8594159483909607,
        0.8881164193153381,
        0.8729224801063538,
        0.8840070962905884,
        0.8870019912719727,
        0.8757145404815674,
        0.8767560720443726,
        0.8878465294837952,
        0.8703382611274719,
        0.8657616376876831,
        0.8811497688293457,
        0.8805555701255798,
        0.8822535276412964,
        0.8873119354248047,
        0.8805232048034668,
        0.8666345477104187,
        0.8781226873397827,
        0.8882810473442078,
        0.8783622980117798,
        0.858411967754364,
        0.8688258528709412,
        0.8783736824989319,
        0.8855290412902832,
        0.8743403553962708
      ]
    },
    "0.01": {
      "elf10_wbo": 0.858411967754364,
      "frag": "[H:21][C:9]([H:22])([c:6]1[cH:4][cH:2][cH:1][cH:3][cH:5]1)[C:10]([H:23])([H:24])[N:13]([H:29])/[C:7](=[NH+:15]/[C:8](=[NH2+:14])[NH2:12])/[NH2:11]",
      "wbo_dist": [
        0.8702070116996765,
        0.8784034252166748,
        0.8786455988883972,
        0.8594159483909607,
        0.8881164193153381,
        0.8729224801063538,
        0.8840070962905884,
        0.8870019912719727,
        0.8757145404815674,
        0.8767560720443726,
        0.8878465294837952,
        0.8703382611274719,
        0.8657616376876831,
        0.8811497688293457,
        0.8805555701255798,
        0.8822535276412964,
        0.8873119354248047,
        0.8805232048034668,
        0.8666345477104187,
        0.8781226873397827,
        0.8882810473442078,
        0.8783622980117798,
        0.858411967754364,
        0.8688258528709412,
        0.8783736824989319,
        0.8855290412902832,
        0.8743403553962708
      ]
    },
    "0.03": {
      "elf10_wbo": 0.858411967754364,
      "frag": "[H:21][C:9]([H:22])([c:6]1[cH:4][cH:2][cH:1][cH:3][cH:5]1)[C:10]([H:23])([H:24])[N:13]([H:29])/[C:7](=[NH+:15]/[C:8](=[NH2+:14])[NH2:12])/[NH2:11]",
      "wbo_dist": [
        0.8702070116996765,
        0.8784034252166748,
        0.8786455988883972,
        0.8594159483909607,
        0.8881164193153381,
        0.8729224801063538,
        0.8840070962905884,
        0.8870019912719727,
        0.8757145404815674,
        0.8767560720443726,
        0.8878465294837952,
        0.8703382611274719,
        0.8657616376876831,
        0.8811497688293457,
        0.8805555701255798,
        0.8822535276412964,
        0.8873119354248047,
        0.8805232048034668,
        0.8666345477104187,
        0.8781226873397827,
        0.8882810473442078,
        0.8783622980117798,
        0.858411967754364,
        0.8688258528709412,
        0.8783736824989319,
        0.8855290412902832,
        0.8743403553962708
      ]
    },
    "0.05": {
      "elf10_wbo": 0.9025959968566895,
      "frag": "[H:21][C:9]([H:22])([c:6]1[cH:4][cH:2][cH:1][cH:3][cH:5]1)[C:10]([H:23])([H:24])[N:13]([H:29])/[C:7](=[NH+:15]/[CH3:8])/[NH2:11]",
      "wbo_dist": [
        0.9012792110443115,
        0.909626305103302,
        0.9078432321548462,
        0.9025959968566895,
        0.9187544584274292,
        0.9167898297309875,
        0.917443573474884,
        0.9195196628570557,
        0.9156049489974976,
        0.9180988073348999,
        0.922330915927887,
        0.9206821918487549
      ]
    },
    "0.07": {
      "elf10_wbo": 0.9025959968566895,
      "frag": "[H:21][C:9]([H:22])([c:6]1[cH:4][cH:2][cH:1][cH:3][cH:5]1)[C:10]([H:23])([H:24])[N:13]([H:29])/[C:7](=[NH+:15]/[CH3:8])/[NH2:11]",
      "wbo_dist": [
        0.9012792110443115,
        0.909626305103302,
        0.9078432321548462,
        0.9025959968566895,
        0.9187544584274292,
        0.9167898297309875,
        0.917443573474884,
        0.9195196628570557,
        0.9156049489974976,
        0.9180988073348999,
        0.922330915927887,
        0.9206821918487549
      ]
    },
    "0.1": {
      "elf10_wbo": 0.9025959968566895,
      "frag": "[H:21][C:9]([H:22])([c:6]1[cH:4][cH:2][cH:1][cH:3][cH:5]1)[C:10]([H:23])([H:24])[N:13]([H:29])/[C:7](=[NH+:15]/[CH3:8])/[NH2:11]",
      "wbo_dist": [
        0.9012792110443115,
        0.909626305103302,
        0.9078432321548462,
        0.9025959968566895,
        0.9187544584274292,
        0.9167898297309875,
        0.917443573474884,
        0.9195196628570557,
        0.9156049489974976,
        0.9180988073348999,
        0.922330915927887,
        0.9206821918487549
      ]
    },
    "parent": {
      "elf10_wbo": 0.858411967754364,
      "frag": "[H:16][c:1]1[c:2]([c:4]([c:6]([c:5]([c:3]1[H:18])[H:20])[C:9]([H:21])([H:22])[C:10]([H:23])([H:24])[N:13]([H:29])/[C:7](=[N+:15](\\[H:32])/[C:8](=[N+:14]([H:30])[H:31])[N:12]([H:27])[H:28])/[N:11]([H:25])[H:26])[H:19])[H:17]",
      "wbo_dist": [
        0.8702070116996765,
        0.8784034252166748,
        0.8786455988883972,
        0.8594159483909607,
        0.8881164193153381,
        0.8729224801063538,
        0.8840070962905884,
        0.8870019912719727,
        0.8757145404815674,
        0.8767560720443726,
        0.8878465294837952,
        0.8703382611274719,
        0.8657616376876831,
        0.8811497688293457,
        0.8805555701255798,
        0.8822535276412964,
        0.8873119354248047,
        0.8805232048034668,
        0.8666345477104187,
        0.8781226873397827,
        0.8882810473442078,
        0.8783622980117798,
        0.858411967754364,
        0.8688258528709412,
        0.8783736824989319,
        0.8855290412902832,
        0.8743403553962708
      ]
    }
  },
  "[13, 7]": {
    "0.001": {
      "elf10_wbo": 1.3880469799041748,
      "frag": "[H:23][C:10]([H:24])([CH2:9][c:6]1[cH:4][cH:2][cH:1][cH:3][cH:5]1)[N:13]([H:29])/[C:7](=[N+:15](\\[H:32])/[C:8](=[NH2+:14])[NH2:12])/[N:11]([H:25])[H:26]",
      "wbo_dist": [
        1.4145901203155518,
        1.4253547191619873,
        1.426103115081787,
        1.4131639003753662,
        1.3816962242126465,
        1.3972219228744507,
        1.399675965309143,
        1.4039769172668457,
        1.394300937652588,
        1.4087002277374268,
        1.3834906816482544,
        1.4160019159317017,
        1.436471939086914,
        1.3790831565856934,
        1.376110315322876,
        1.391435146331787,
        1.391431212425232,
        1.402245283126831,
        1.4082244634628296,
        1.3673933744430542,
        1.3610106706619263,
        1.3671576976776123,
        1.3880469799041748,
        1.4225434064865112,
        1.4010447263717651,
        1.3479242324829102,
        1.3929935693740845
      ]
    },
    "0.005": {
      "elf10_wbo": 1.3894253969192505,