{
  "[10, 25]": {
    "elf10_wbo": 1.070245385169983,
    "frag": "[H:46][C@@:14]1([C@@H:16]2[N:22]([C:7]1=[O:28])[CH2:15][CH2:17][S:35]2)[N:25]([H:59])[C:10](=[O:31])[C@@:21]([H:58])([c:6]3[cH:4][cH:2][cH:1][cH:3][cH:5]3)[NH:26][C:11](=[O:32])[N:23]([CH3:8])[CH3:12]",
    "wbo_dist": [
      1.070245385169983,
      1.06919264793396,
      1.0756932497024536,
      1.0578619241714478,
      1.072744369506836,
      1.0371334552764893,
      1.0510993003845215,
      1.0496041774749756,
      1.0463312864303589,
      1.082458257675171,
      1.056921362876892,
      1.079027771949768,
      1.05890953540802,
      1.0509024858474731,
      1.028192400932312,
      1.0647159814834595,
      1.0613712072372437,
      1.0509226322174072,
      1.0863605737686157,
      1.0508376359939575,
      1.083349347114563,
      1.0542540550231934
    ]
  },
  "[11, 23]": {
    "elf10_wbo": 0.9259313344955444,
    "frag": "[H:42][C:12]1([CH2:13][N:24]([C:8](=[O:29])[N:23]1[C:11](=[O:32])[N:26]([H:60])[CH3:21])[S:36](=[O:33])(=[O:34])[CH3:20])[H:43]",
    "wbo_dist": [
      0.9232379198074341,
      0.9216363430023193,
      0.9259584546089172,
      0.9244345426559448
    ]
  },
  "[15, 9]": {
    "elf10_wbo": 0.7572454214096069,
    "frag": "[H:47][C@@:15]1([C:17]([S:35][CH:16]2[N:22]1[C:7](=[O:28])[CH2:14]2)([CH3:18])[CH3:19])[C:9](=[O:30])[O-:27]",
    "wbo_dist": [
      0.7572454214096069
    ]
  },
  "[21, 26]": {
    "elf10_wbo": 0.9553014039993286,
    "frag": "[H:58][C@@:21]([c:6]1[cH:4][cH:2][cH:1][cH:3][cH:5]1)([C:10](=[O:31])[NH:25][CH3:14])[N:26]([H:60])[C:11](=[O:32])[N:23]2[CH2:12][CH2:13][NH:24][C:8]2=[O:29]",
    "wbo_dist": [
      0.9528793096542358,
      0.9477564096450806,
      0.9352696537971497,
      0.9553014039993286,
      0.9301036596298218,
      0.958029568195343,
      0.9490150809288025,
      0.9398718476295471,
      0.9335442781448364,
      0.9581379294395447
    ]
  },
  "[25, 14]": {
    "elf10_wbo": 0.9776254296302795,
    "frag": "[H:46][C:14]1([C:7](=[O:28])[N:22]2[C:16]1([S:35][CH2:17][CH2:15]2)[H:48])[N:25]([H:59])[C:10](=[O:31])[CH3:21]",
    "wbo_dist": [
      0.9776254296302795
    ]
  },
  "[26, 11]": {
    "elf10_wbo": 1.041214108467102,
    "frag": "[H:58][C@@:21]([c:6]1[cH:4][cH:2][cH:1][cH:3][cH:5]1)([C:10](=[O:31])[NH:25][CH3:14])[N:26]([H:60])[C:11](=[O:32])[N:23]2[CH2:12][CH2:13][NH:24][C:8]2=[O:29]",
    "wbo_dist": [
      1.097097396850586,
      1.0959970951080322,
      1.0941510200500488,
      1.041214108467102,
      1.087721347808838,
      1.0232791900634766,
      1.0593419075012207,
      1.0487055778503418,
      1.0274916887283325,
      0.9838573932647705
    ]
  },
  "provenance": {
    "fragmenter_version": "0.0.4+18.gd312990",
    "openeye_version": "2019.Apr.2"
  }
}